<?xml version="1.0" encoding="utf-8"?>
<ClearAlignerProductionResources xmlns:xsd="http://www.w3.org/2001/XMLSchema" xmlns:xsi="http://www.w3.org/2001/XMLSchema-instance" NumberOfStages="10" NumberOfRetainers="0" xmlns="http://tempuri.org/ClearAlignerProductionResources.xsd">
    <Molds>
        <Mold Stage="1" Jaw="U" Type="Aligner" Filename="282769UN01.stl" IdTag="282769UN01">
             <CutLinePTS Filename="282769UN01.pts" />
             <DirectPartMarking Filename="282769UN01.svg" />
        </Mold>
        <Mold Stage="1" Jaw="L" Type="Aligner" Filename="282769LN01.stl" IdTag="282769LN01">
             <CutLinePTS Filename="282769LN01.pts" />
             <DirectPartMarking Filename="282769LN01.svg" />
        </Mold>
        <Mold Stage="2" Jaw="U" Type="Aligner" Filename="282769UN02.stl" IdTag="282769UN02">
             <CutLinePTS Filename="282769UN02.pts" />
             <DirectPartMarking Filename="282769UN02.svg" />
        </Mold>
        <Mold Stage="2" Jaw="L" Type="Aligner" Filename="282769LN02.stl" IdTag="282769LN02">
             <CutLinePTS Filename="282769LN02.pts" />
             <DirectPartMarking Filename="282769LN02.svg" />
        </Mold>
        <Mold Stage="3" Jaw="U" Type="Aligner" Filename="282769UN03.stl" IdTag="282769UN03">
             <CutLinePTS Filename="282769UN03.pts" />
             <DirectPartMarking Filename="282769UN03.svg" />
        </Mold>
        <Mold Stage="3" Jaw="L" Type="Aligner" Filename="282769LN03.stl" IdTag="282769LN03">
             <CutLinePTS Filename="282769LN03.pts" />
             <DirectPartMarking Filename="282769LN03.svg" />
        </Mold>
        <Mold Stage="4" Jaw="U" Type="Aligner" Filename="282769UN04.stl" IdTag="282769UN04">
             <CutLinePTS Filename="282769UN04.pts" />
             <DirectPartMarking Filename="282769UN04.svg" />
        </Mold>
        <Mold Stage="4" Jaw="L" Type="Aligner" Filename="282769LN04.stl" IdTag="282769LN04">
             <CutLinePTS Filename="282769LN04.pts" />
             <DirectPartMarking Filename="282769LN04.svg" />
        </Mold>
        <Mold Stage="5" Jaw="U" Type="Aligner" Filename="282769UN05.stl" IdTag="282769UN05">
             <CutLinePTS Filename="282769UN05.pts" />
             <DirectPartMarking Filename="282769UN05.svg" />
        </Mold>
        <Mold Stage="5" Jaw="L" Type="Aligner" Filename="282769LN05.stl" IdTag="282769LN05">
             <CutLinePTS Filename="282769LN05.pts" />
             <DirectPartMarking Filename="282769LN05.svg" />
        </Mold>
        <Mold Stage="6" Jaw="U" Type="Aligner" Filename="282769UN06.stl" IdTag="282769UN06">
             <CutLinePTS Filename="282769UN06.pts" />
             <DirectPartMarking Filename="282769UN06.svg" />
        </Mold>
        <Mold Stage="6" Jaw="L" Type="Aligner" Filename="282769LN06.stl" IdTag="282769LN06">
             <CutLinePTS Filename="282769LN06.pts" />
             <DirectPartMarking Filename="282769LN06.svg" />
        </Mold>
        <Mold Stage="7" Jaw="U" Type="Aligner" Filename="282769UN07.stl" IdTag="282769UN07">
             <CutLinePTS Filename="282769UN07.pts" />
             <DirectPartMarking Filename="282769UN07.svg" />
        </Mold>
        <Mold Stage="7" Jaw="L" Type="Aligner" Filename="282769LN07.stl" IdTag="282769LN07">
             <CutLinePTS Filename="282769LN07.pts" />
             <DirectPartMarking Filename="282769LN07.svg" />
        </Mold>
        <Mold Stage="8" Jaw="U" Type="Aligner" Filename="282769UN08.stl" IdTag="282769UN08">
             <CutLinePTS Filename="282769UN08.pts" />
             <DirectPartMarking Filename="282769UN08.svg" />
        </Mold>
        <Mold Stage="8" Jaw="L" Type="Aligner" Filename="282769LN08.stl" IdTag="282769LN08">
             <CutLinePTS Filename="282769LN08.pts" />
             <DirectPartMarking Filename="282769LN08.svg" />
        </Mold>
        <Mold Stage="9" Jaw="U" Type="Aligner" Filename="282769UN09.stl" IdTag="282769UN09">
             <CutLinePTS Filename="282769UN09.pts" />
             <DirectPartMarking Filename="282769UN09.svg" />
        </Mold>
        <Mold Stage="9" Jaw="L" Type="Aligner" Filename="282769LN09.stl" IdTag="282769LN09">
             <CutLinePTS Filename="282769LN09.pts" />
             <DirectPartMarking Filename="282769LN09.svg" />
        </Mold>
        <Mold Stage="10" Jaw="U" Type="Aligner" Filename="282769UN10.stl" IdTag="282769UN10">
             <CutLinePTS Filename="282769UN10.pts" />
             <DirectPartMarking Filename="282769UN10.svg" />
        </Mold>
        <Mold Stage="10" Jaw="L" Type="Aligner" Filename="282769LN10.stl" IdTag="282769LN10">
             <CutLinePTS Filename="282769LN10.pts" />
             <DirectPartMarking Filename="282769LN10.svg" />
        </Mold>
    </Molds>
</ClearAlignerProductionResources>