<?xml version="1.0" encoding="utf-8"?>
<ClearAlignerProductionResources xmlns:xsd="http://www.w3.org/2001/XMLSchema" xmlns:xsi="http://www.w3.org/2001/XMLSchema-instance" NumberOfStages="6" NumberOfRetainers="0" xmlns="http://tempuri.org/ClearAlignerProductionResources.xsd">
    <Molds>
        <Mold Stage="1" Jaw="U" Type="Aligner" Filename="293649UN01.stl" IdTag="293649UN01">
             <CutLinePTS Filename="293649UN01.pts" />
             <DirectPartMarking Filename="293649UN01.svg" />
        </Mold>
        <Mold Stage="2" Jaw="U" Type="Aligner" Filename="293649UN02.stl" IdTag="293649UN02">
             <CutLinePTS Filename="293649UN02.pts" />
             <DirectPartMarking Filename="293649UN02.svg" />
        </Mold>
        <Mold Stage="3" Jaw="U" Type="Aligner" Filename="293649UN03.stl" IdTag="293649UN03">
             <CutLinePTS Filename="293649UN03.pts" />
             <DirectPartMarking Filename="293649UN03.svg" />
        </Mold>
        <Mold Stage="4" Jaw="U" Type="Aligner" Filename="293649UN04.stl" IdTag="293649UN04">
             <CutLinePTS Filename="293649UN04.pts" />
             <DirectPartMarking Filename="293649UN04.svg" />
        </Mold>
        <Mold Stage="5" Jaw="U" Type="Aligner" Filename="293649UN05.stl" IdTag="293649UN05">
             <CutLinePTS Filename="293649UN05.pts" />
             <DirectPartMarking Filename="293649UN05.svg" />
        </Mold>
        <Mold Stage="6" Jaw="U" Type="Aligner" Filename="293649UN06.stl" IdTag="293649UN06">
             <CutLinePTS Filename="293649UN06.pts" />
             <DirectPartMarking Filename="293649UN06.svg" />
        </Mold>
    </Molds>
</ClearAlignerProductionResources>